INSERT INTO rol (id_rol, nombre, descripcion) VALUES (1, 'ADMIN', 'Administrador');
INSERT INTO rol (id_rol, nombre, descripcion) VALUES (2, 'USER', 'Usuario');
INSERT INTO rol (id_rol, nombre, descripcion) VALUES (3, 'DBA', 'Adminsitrador de base de datos');

INSERT INTO cliente(id_cliente, apellidos, dni, fecha_nac, nombres) VALUES (1,'CARRILLO DURAND', '43408900', '1985-05-11', 'MARTIN');
INSERT INTO cliente(id_cliente, apellidos, dni, fecha_nac, nombres) VALUES (2,'CARRILLO DURAND', '43408900', '1985-05-11', 'MARTIN');

INSERT INTO usuario(id_usuario, clave, estado, nombre) VALUES (1,'$2a$10$4U0BwCS96nXIX6fp637Fo.jhylQL4wnKfdk0Hd/JxJobKQOrn9pKS', TRUE, 'admin');
INSERT INTO usuario(id_usuario, clave, estado, nombre) VALUES (2,'$2a$10$cW.zfnTg3c49xNJ7UblhiOlmsTCTAM9NJxI7OOyAJ14RgCWtPAU7O', TRUE, 'martin');

INSERT INTO usuario_rol (id_usuario, id_rol) VALUES (1, 1);
INSERT INTO usuario_rol (id_usuario, id_rol) VALUES (1, 3);
INSERT INTO usuario_rol (id_usuario, id_rol) VALUES (2, 2);

INSERT INTO menu(id_menu, nombre, icono, url) VALUES (1, 'Consultas', 'search', '/consulta');
INSERT INTO menu(id_menu, nombre, icono, url) VALUES (2, 'Venta Entradas', 'bookmarks', '/venta');
INSERT INTO menu(id_menu, nombre, icono, url) VALUES (3, 'Clientes', 'insert_emoticon', '/cliente');
INSERT INTO menu(id_menu, nombre, icono, url) VALUES (4, 'Peliculas', 'local_movies', '/pelicula');
INSERT INTO menu(id_menu, nombre, icono, url) VALUES (5, 'Comidas', 'fastfood', '/comida');
INSERT INTO menu(id_menu, nombre, icono, url) VALUES (6, 'Géneros', 'view_agenda', '/genero');
INSERT INTO menu(id_menu, nombre, icono, url) VALUES (7, 'Reportes', 'assessment', '/reporte');
INSERT INTO menu(id_menu, nombre, icono, url) VALUES (8, 'Configuraciones', 'build', '/configuracion');


INSERT INTO menu_rol (id_menu, id_rol) VALUES (1, 1);
INSERT INTO menu_rol (id_menu, id_rol) VALUES (2, 1);
INSERT INTO menu_rol (id_menu, id_rol) VALUES (3, 1);
INSERT INTO menu_rol (id_menu, id_rol) VALUES (4, 1);
INSERT INTO menu_rol (id_menu, id_rol) VALUES (5, 1);
INSERT INTO menu_rol (id_menu, id_rol) VALUES (6, 1);
INSERT INTO menu_rol (id_menu, id_rol) VALUES (7, 1);
INSERT INTO menu_rol (id_menu, id_rol) VALUES (8, 1);
INSERT INTO menu_rol (id_menu, id_rol) VALUES (3, 2);
INSERT INTO menu_rol (id_menu, id_rol) VALUES (4, 2);
INSERT INTO menu_rol (id_menu, id_rol) VALUES (5, 2);
INSERT INTO menu_rol (id_menu, id_rol) VALUES (6, 2);

INSERT INTO Config (id_config, parametro, valor) VALUES (1,'ENT',25);

INSERT INTO genero (nombre) VALUES ('AVENTURA');
INSERT INTO genero (nombre) VALUES ('DRAMA');
INSERT INTO genero (nombre) VALUES ('MUSICAL');
INSERT INTO genero (nombre) VALUES ('FICCIÓN');
INSERT INTO genero (nombre) VALUES ('OESTE');
INSERT INTO genero (nombre) VALUES ('SUSPENSO');
INSERT INTO genero (nombre) VALUES ('INFANTIL');
INSERT INTO genero (nombre) VALUES ('ANIMACIÓN');
INSERT INTO genero (nombre) VALUES ('BÉLICO');
INSERT INTO genero (nombre) VALUES ('HISTÓRICO');
INSERT INTO genero (nombre) VALUES ('ADULTO');
INSERT INTO genero (nombre) VALUES ('DEPORTIVO');
INSERT INTO genero (nombre) VALUES ('ANTIGUAS');
INSERT INTO genero (nombre) VALUES ('BLANCO/NEGRO');
INSERT INTO genero (nombre) VALUES ('MISTERIO');
INSERT INTO genero (nombre) VALUES ('FANTASIA');
INSERT INTO genero (nombre) VALUES ('RELIGION');
INSERT INTO genero (nombre) VALUES ('EPICO');
INSERT INTO genero (nombre) VALUES ('POLICIACO');
INSERT INTO genero (nombre) VALUES ('COMEDIA ROMANTICA');
INSERT INTO genero (nombre) VALUES ('TERROR INFANTIL');
INSERT INTO genero (nombre) VALUES ('SUBREALISTA');
INSERT INTO genero (nombre) VALUES ('CASERO');
INSERT INTO genero (nombre) VALUES ('AFICIONADO');

INSERT INTO pelicula values (1,230,'2019-08-18', 'BATMAN VS SUPERMAN','Batman v Superman: Dawn of Justice (titulada: Batman v Superman: El amanecer de la justicia en España y Batman vs Superman: El origen de la justicia en Hispanoamérica) es una película de superhéroes estadounidense de 2016','https://www.presenciaadsis.org/wp-content/uploads/2016/07/Ve-a-la-premiere-de-Batman-vs-Superman.jpg',4);
INSERT INTO pelicula values (2,230,'2019-08-18', 'EL REY LEON','El rey león —título original en inglés: The Lion King— es una película animada producida por Walt Disney Feature Animation y distribuida por Walt Disney Pictures.','https://www.presenciaadsis.org/wp-content/uploads/2016/07/Ve-a-la-premiere-de-Batman-vs-Superman.jpg',7);
INSERT INTO pelicula values (3,400,'2019-08-18', 'AVENGERS - END GAME','Avengers: Endgame (Vengadores: Endgame en España)3​ es una película de superhéroes estadounidense de 2019 basada en el grupo los Vengadores de Marvel Comics','https://laverdadnoticias.com/export/sites/laverdad/img/2018/12/13/image.jpg_976286741.jpg',16);

INSERT INTO comida (id_comida, foto, nombre, precio) VALUES (1, '\xffd8ffe000104a46494600010100000100010000ffdb008400090607080706090807080a0a090b0d160f0d0c0c0d1b14151016201d2222201d1f1f2428342c242631271f1f2d3d2d3135373a3a3a232b3f443f384334393a37010a0a0a0d0c0d1a0f0f1a37251f253737373737373737373737373737373737373737373737373737373737373737373737373737373737373737373737373737ffc00011080079007903011100021101031101ffc4001c0001000203010101000000000000000000000506040708030201ffc4003b100001030302030504070705000000000001000203040511061221315107132241711491a1c1326172748192b136426283d1d2f01516172333ffc4001a010100030101010000000000000000000000010203040605ffc40032110100010301030907050100000000000000010203110412213105131441517191a1d1323334426181f0152352b1f106ffda000c03010002110311003f00de08080808080808080808080808080808080808080808302fb70ff4ab455d788fbc30465e19bb1b8f90caad756cd332df4d679fbd4dace332d703b54b87b53e2368872dce59bdfb87af0e1ee5cd1a89ec7a1fd02d6375c9f2f56d1a5985453433b46048c6bc0e99195d51398cbccd74ecd534f63d54aa2020202020202020202020208dd4748daeb1d6d33c901f0bb041f3e63e385131131895edd755baa2aa67130a2d5e8e6b66ae922a996490c2fdad79006edbd719ebd5539b8cf07574ebb888896c6a38e3869618a124c6c8dad6127270070f82d1c733333997b2204040404040404040404040411f769808c40d3c5e72ef40a06135c77b9eec12ece54890b54dde5308cfd28bc27d3c9066a02020202020202020202020f2aaa88a929a5a9a878643130bdee3c8340c92828767d6d6dbcdb2e97b115532969412e7cac03937381c7c863dea12afff00cc3a771934d711fca6ff0072664d959ef9ad2d3a627b754d4b6a0d2578c3668da1cc038713c7a1ddef438af2d21cd05a41046411e6a50fd40404040404040404040414ced75f50dd075f1521c3e774713beb639e370fc4642ad75c511996fa6d3d7a8b916edf1691aabb573745ff00b663a28e3677bbdf377de27f8cb8e463d073e4163d2287d29e43d646f988f154c5baabf83f32748a158e47d576478acf5b77b8dcf49dbec15949048ca17131ce653bb1b5cd68c631801c3f2853d2ade168e42d64ef888f17436809a79f45d95d54edd30a3635e739c90319f82d69aa2a8cc3e5deb5559b936ebe30b02b3210101010101010101010567b45a89a974ad4cf4c1a646b9a7c5e433cd637e716e5f4392ed5377574535706a5afd3b2d5c226386d5ccf6be43c700bbf74340ea40273cc3b900b8f9b997a59d7d344ec47b31ba3edd733dde58eb94747a67b97b9f5333a4631c1a590b1d97388071c4721b86787981ccf07378e2ca75fb53114471edecfcf5e0f6adb54105a5d59ecd550c992d6b1cf0e6b46ec07138cf1c72e3d79154ae988a72ecd2eaabaeec5bda898eefa6711f90dd7a03f63ad3f771fa95f42cfbba5e4b953e36e77ac0b570080808080808080808082075b3e1669f9cd5b4be9b877cd19c9671c8e1f52cee636672e9d1edf48a363daceeef6a8ba3a3f69f6bb45fadd2c640ffaab1bb5ff008870c13c074e232b8e774e69aa1e9a22a8a39bbf66a89ed8df1f6c7578f62be6eb5f4a5ad35544edaf7b81077f170e3cbfc1e9c1576a63ad78d2daafe59df8fa70670af86e76f14970bc4310686e365138e5cd1819770f4ca8aaa8aa31357936b766ab1726e5ab533c7e68fe9b9b401ce8db4fddc7ea57758f770f2dca9f1b73bd615ab804040404040404040404150ed5aadf45a2eae58e3ef0b9cc8c8e81c704fe00954ae334e1d1a4bb4d9bf4dcaa3389cb9d6aee71c6e3be2907bbfaae39d2d533c5e9aaff00a1b3546fa263c3d5e74b7f14afef206bdae231c58d3faab469eb8e12c2be58d35718aa99f2f54847ac2b3610c92701c3690d0d6e7cfc93a3ddfe488e56d1538fda99efff005d11d9c4866d0f6691cc2c2ea71e13cc712baadd3b34c52f83abbfcfdfaaee31995955dce20202020202020202020ae76874fed1a42e0dc67635aff73815129873c57411ce0b6560703d42825122d14fde0397e07eee54e0ca628a26460358d01a3a0e4a50e90d1d0f71a5ad719e07d99a7de33f3413080808080808080808080822f54869d37740fc6df659339fb2508e2e6aaa958d2773800aab4b11b510eec77accfda0acab369a46641dc31ea89c3a76d4d6b6d74619f4440c03f2844329010101010101010101010543b58aa9697435c5b01c49501b083d371e3f0ca894c7172ed735ed7b9b2020f21950b309a0169c903d54ab0f686395e7c0d791cbc20a25d71a02aa5acd17669aa3ff005348c6bfd5a31f252acac0808080808080808080808297daec4f93464ee6027ba9a37bb1d338f9a894c342490c5530b9876b9cd19c1484d5131c5854d6f803c781bd727c94aa938853ed2d8b981cd139746e8680d3e90b446e1826958e23a6e1bbe6884e2020202020202020202020c6b8d0d3dca867a2ab66f8276163dbd4149de35f5576456d104cea4afabf6ada7b832ecd80f90761b923d1654dbd99ce5bdcbfb718c42a141d93ea1b832a21ac7436d67d1123dc242efb21a797a90b56091b2f629574b551b6bef14efa36bbc62189c1ee1e6064e07af150b67e8dcb146c8a2647134358c686b5a3c80e4a557da020202020202020202020202020202020202020202020202020202020202020202020202020ffd9', 'GASEOSA COCACOLA', 5.00);
INSERT INTO comida (id_comida, foto, nombre, precio) VALUES (2, '\xffd8ffe000104a46494600010100000100010000ffdb008400090607080706090807080a0a090b0d160f0d0c0c0d1b14151016201d2222201d1f1f2428342c242631271f1f2d3d2d3135373a3a3a232b3f443f384334393a37010a0a0a0d0c0d1a0f0f1a37251f253737373737373737373737373737373737373737373737373737373737373737373737373737373737373737373737373737ffc00011080077007703011100021101031101ffc4001b00010003010101010000000000000000000003050604070201ffc40031100001030303010605030500000000000001000203041121051231410613225181a13271b1c1d114156107235291e1ffc4001b01010002030101000000000000000000000003040102050607ffc4003611000202010203030a030900000000000000010203110412213141055191061322326171a1b1e1f01481d11523334362a2c1d2f1ffda000c03010002110311003f00f7140100401004010159ae6bfa6e831324d52a04224bec1b4b8badcd8052d54d96bc41115b742a5e932aa8fb7ba1d6bf6d3bea1c3fcbb836fca9de82f5d3e255976969e3cf3e0cd253cd1d442c9a170747234398e1d41e0aa8d34f0f997632524a51e4c9160d82008020080200802008020080203cf7faa5a6c9aa5569f14514ae2d8a5b39ad3604969fa34e2eaf68f510a54b775c7f928eb289dd28ede9f432dd97d21d13ea64920965640019065b616bf42addbad8e38143f67ce52e7f33d53b285e7b3d43deb1ec708ac5af6ed22d8e172ef9295b26b91d5d2572ae88425cd22dd44580802008020080200802008020080acd5a38ea1cc6484ed8c179b388c9161c7aac02b74ca0808a8880b364047849045c7cd32cc60bad29c4d0c4d7001f1b7bb7007ab71ff564c9d68020080200802008020080200801e1014d532de292438321f08eb6e02d41cda64969dc1adcedb8dc36fe5016349be1af998e0032601edda6e370c1fb264162b601004010040100401004010040716b150ea5d36a2665f735966d85f2703dcaadabb9d344a6ba237ae3ba491415b03db0b186aaa5d668c890b6fe81790d67696a6b6929b2ed708be856e9cd745a80db2d51ddcff7dc7d894d2ebf5139a4e6cdecae2a3c8baab74d4d3d2d677d216c72863e371c39ae201fcfa2ec7e26eaee8372786f0d7bcabb62d358348bd01582008020080200802008020080add73348d69366ba66075bcaeb97dad2c69bd995926a3d72b6b6eee375bf95e1f5f66eb305dad702a60262ae6bb697722c07e16da5b364d3379add1c16da839953a6ced3b98765c388b588caed6a350a7565279582b422d48d040e73e1639e2ce734123c8d97ae83cc536537c1922d8c0401004010040100401004067bb752cb0767e59207bd8f12c56730907e318c79f1eaa4aa9aed9ecb1657b48ec938c7316798c3fbbea5aabb6ea120823ddbfbea9903471d1a7a63fda8fb425d9da1ad4aca54a4f92514dfc48ea8df74de2584bda5fe99a14b15436576ad0c87e20d324b8c0f394f9fbae4d7db5449a8ad26172e51cafed27969a6bf9b9f1fd48fb755559a6e87545b2b617070b3ccce0cda4dad7b823c87cc73c2eda951654ac84134fbd22ba8cf7b8c9bfc99e9d48fef29a179696ee8da7693c5c288b0b91321908020080200802008020080cef6ed864ecfbd83974f0818ea646a9f4dc2cf122bbd5303450cd057ea345135afa906c58f36c131939bf95f23c972bb765052a6eb1b505d577a52c7c71c09349bb338c79ffc2f34da099b248c6e9ed8e295a411de75bf86e03b23a9b752571a1aea27284ddd9945f7715c38e331ebcb8f4c134e99a4d6de0fed13f69daea8a7a86b2284cc2204899bbdadc8c1b73c2f55d995c569e3193e1e1ee39fa89b536d2e26de90de9e2bb76f805da7a6385abe65a8f22658321004010040100401004010149daea6fd5e8cf8449dd3ccd098dfb6fb5c24691f4505fac5a383b719e9e3c02abcefa260f5aec454d6d79ad7eae04e4dcb9b0d8ded6c1dd85cd9f95b0a179b74e5776efa07d9cec7bb761fb8f9a4ecfea0ca98a27eb4f2cb806e65fbc847b28e9f28f4529a6b4914fbfd1ff5369767dbb7f8afe3fa9a1a8d0deda19ff4d5cd6c8637016602336e41be70afdbe5128c37a8278feafa1147b3d671bb1f91b1a13ba8e039cc4de458f0ae427be2a5de6f8dbc09d6c0200802008020080200802039b51a6157472c271b9b823a1191eeab6b29f3d44e1de8de12db24ccf788c00bcee3d4f9af995b179523a4bb8ab9807380c5ef953411267076d253895b1c6181bbde184804122f9fbab9a6a1db6d71c736433961366c00b2fa21cc3f50040100401004010040100400a032ae903a3900c00f737dd7cd755049c92e8dfcce9c7a15adf1d49005c6ec9c2cd316cddf22e299fb6b6863710373ce2f7c8692bb5a283fc5d59e99f915a7ea48d22f5e5208020080200802008020080203e26788a27c8ee18d2e3e8b59c9422e4fa194b2f0608d598e9f27c2e3b97cea69d92f79d5491152d4892b1b63605d817bdee79f753d55b4c4b9174e9594d352c92604728cfb7d17417ee6d858fa3215e945a3540dd7b039e7ea008020080200802008020080e2d60bbf6f94341cd81f91362b9ddad394347371fb59e24b4a5bd64a1962a720c42300b7cc2f037dab2b6f03a114f9b2b0c0d86b1b6f86e01c719ba9b4f7630cd9f145ad6451d4514a2ef376e36e2df25d3bed84abca2bc32a46874f97bfa28253cbe36b8fa85eb749373a2127cda453b16d9b4742b26810040100401004010040101f1346d9627b1dc38105696423641c25c9994f0f2646ae47d35598e5058e61f8dcc21a7d785f36d4e8a5a7b2554ba7de4ead72df1ca39ab986289b3d4de269e1efb807e4b77a3d454a2e50789723319c5bc264f4665d420632984b234bb6b9e637340fe6e42974fa1d4ea2584b87c3c48e738c38b35f044d821644c16631a1ad1fc05f40aa0ab8282e8b0735bcbc92290c0401004010040100401004010113e9a091e1ef898e78e1c5b721453a2a9c94e514daeb832a4d704c4f4f0d446639e36c8c3d1c2eb69d70b23b66b282938bca3f618228236c70c6d631a2c1ad1601215c2b5b60b0836dbcb245b980802008020080ffd9', 'GASEOSA INKA KOLA', 5.00);
INSERT INTO comida (id_comida, foto, nombre, precio) VALUES (3, '\xffd8ffe000104a46494600010100000100010000ffdb0084000906071313121514131315161517171f1b181717191f1a18181d1b1e181f1e1d1d1a1b1d28201821251e1a1821312125292b2e302e171f3338332c37282d2e2b010a0a0a0e0d0e1b10101a2d251f252d2d2d2d2d2d2d2d2d2d2d2d2d2d2d2d2d2d2d2d2d2d2d2d2d2d2d2d2d2d2d2d2d2d2d2d2d2d2d2d2d2d2d2d2d2d2d2d2d2dffc000110800e100e103011100021101031101ffc4001c0000010501010100000000000000000000050003040607020108ffc40052100002000403030706080a080504030000010200030411122131054151060713226171915281a1b1c1c2142332426292b2d12433343563727382a2f025537493a3b3d2e143546483c31517b4f1164475ffc4001b01000203010101000000000000000000000002030405060107ffc4003b1100020201020402050a06010500000000000203120422320105134233341114232452062141435162717281f0314461b1c1d1f1158291a1e1ffda000c03010002110311003f00a84649f43140028005000a00140028005001e13001c6bdfb86f3d838c005f360f36731d3a4aa76942d712d2c6679c9b807b05e3d7b18993ce555ab08566734f2d85e554cc4ec7556b77db0e70f14375b15f873c75dc86615e825cd992c36208ecb8ad6be1245edbb4843a085ee97096d1e4e55489293a74ac08e72b91885f4c4baadf77a6d03a54af0e6432bd10131e16cf60014002800500a784c00784c031e40028051b8005000a0014380a1005001320185000a00140028005000a003c260039260008f2629a7cca9434f284d796719462a148522f72d90d723b8d8c7bc0a99ee8b0eb73e83a5a8c405eea4a82437ca5bee206571d862547ed38c6507d4d761184163d6d72b91e8ee8a8f9689a4992202cbe41d0b4d79e518b96e92c58850d7072516de2fbf53179151b513ff00d432153a475ce2eca9b5144564f59ee1ca1b5d85efd5be8c2d9765c6f81e2d21cbb2122c8d463b53b02aa549e9e64874946dd66b03d6c8756f8879c08ae75299d8eef5b93e93917b4262635a66c36b8c455588ec5620f8da1a8e44fcd31d5eb7036d0a49b21fa39c8d2dc6785858db88dc4768e10a5b86649b5a1ed1d24c9ae888a4b3b845f2711d016d0659f708f112c7934c912d9899ca8d8e68aa0c82e1c8552582951d61a58ebdf7f4de3d7e152be1e4fac25c13d2f18f0b6760de003d8005001c1100a79000a0014380a1005001321c614002840140028005000a0038730005f917b225d656248984842acc709b1384697b187852ee54e6392f8f0d90d868364d1d0b0491255264c184313767ecc44df75e0966e93d54e51e5972353b12764d7f4bd265842b60c44ea7e7586e032115f1ded7663c952a40aeeb30519d8e66fc3b6333212cf552cc44c955334060ab8882081ecbdfd317a19655d044e883db467b5f86434dc78651a4f2b95d106daa5261413309073c2c2e091a6bbc1b11dd117592eb61a8cbb49f573aea4f9bb3cf68777b912215fe506c4935f2c2cf0cb80dd5d726526d7d41162371168376e2de3e43e3bd9095c92a3a5a59224c960c2e497241676de4db43ba1e29a2daa2653cd2bddcaef38db0e9ea7ac1f05420b0602eac08b80d6dc35b8d013ac549b26257a97797e44b17e40dec0d8d2e92561952a51ea8c4cd9cc736ccb36fcef61a5a26596a57c899e57b3b199f399b2524544b6440826a16655f93895ac481a0bdc1b0ca1389b7ca26674e28c54c18f0d63d800f08805388005000a0014300a140990e30a1005000a0014002800e19a000f720b62cbacaac1309e8d14bb01916b15016fb81be76ce1d0cfe6992d8f1683603b0257c52ca94929254c598b800198bdf4e209078df7c3eab9caf19df8fa6e49a8086602e15b0b0651e41008bdf8e708ee973d5e0d41af820d0677bb76dfbef96ecadba22f571ee566517e9c4a37562d601b2b8f6f9a313a4fd6a17ae94b974a0a2c02d8893a1d23a3c7c7a9992cb6236d55e8d1d9466149f01a5bba1a64aa026a62b14d5c02a3b21b91a5c625b8d78061db18bd6a6e341e109ec76444b2687777711ba2ee23a2a15252699a01041cf7dbee895dc53d91b3a59bbdbe5aeecb5d4e5bcf18f531d771e3cac46a8a3920a9c04955d6e6f95877423e3a5c7499c7f67d32290f8f1337ca27b7b375a258b1117508f2b369297cecec56989f0ac6a049017a3c3638588b92e5bac6fa0b0cafa989a5434f936451fa4658ad150e98ee180500a37000a00140028005001320185000a0014002800f0980035c8fe4dbd74fc03ab2d2c663e7a5c7545be7367dc2e7843c297728f31cc5c74372a7d9322593d1ca446b61baa8536e171bb21e1166a9b4e3da576dc7469f083d626fadf5310fab85c85529a05b0bdc454961f84b08e3b4c42920eb845f3dd9e7c6258b4b0afa8f29504c998b2ba660917c24f03bbab7f18787dabd8f1f428f9708fd5500b8cff00778f8c58da45b87e64e07bfbb287b8b4006d9a4976c775560336b5813c2ddf971ce33f2f1e2a58b50bbed2a953b7cc99e92ba198cac075d14b59b815b58f7ebaf6c508e36e2965343a48c5c3624b66961e70b5c9b25b3c20e45adbceb68d1c487459ccf9aaaf5406d66de7152c8984a2eaa6f8f111d86c07618826cba3d49531ec96253ed3051b22091603b4c4beb0b422e96b1ad9a49001bd80b93fce90d0bbb1eb8b949b324d6cb96934b054998ba8d6bdae08391e27b45b745b6a31e63caf03590ae7381c99a29746664896b2a64ac39a658c3155b37947ad7075b888e6a769a1cbb2e66c8a3996ac4074c7500a37000a00140028005001320185000a0014002800e1db28072cdc80e563d1cd2a51a6499a7aca82ec1ad932dbe51b0cd778196912432d4c9e698893a5fbcda28704c1d306055d415ee39e57d2fc2d12a27731ca369d277a939dedac35ec046ab9caa09b0dfaff00397ff715e67a20e89aca7f24eb0859ad31999ddcdcb11c46408172a341d9a4652e46bb1a7910fc05c12ac041833cae6dbc9b5e362175a69331d356a2524a2a0b124b301dc2db870d62c2210d86f45e2775f410c006ad12dbe7b631616bdc0ee119f911237796e166266ca08e9626e7783983e683111190596ea10c6c075546590dc2dec8bc57015652cbb12ea15af72cb6c441dc586b91df15258519751611dfb49726449b1ba0d72bf9b7c4a90c425dc1fb32b659e386e6d9e406efe7b62bc4e9725951c212e5481d4455506e491a5f8df89316e9115dddccef9d4f84e19604b22994dccc0459e635ec2d7b80a3217de4f6457737794d2ff7cce41ca10e847314029cc0028005000a18050a04c806140028005001e1300e5b79b4d832aa66cd69e8662ca40556dd462d7be2e24002cbdb7dc21d0c6e6f92f122221ae6ced9c92c9c1265a62b16c200d1401a6f0001dd13437ee39996476ee24338bd89edb4238aa74954a45975e1c21d32227d0a1c626e041db69d4551bf5f3456ced95426c7de56a55030ca5cbdf98dddf73a461263caef55343ac9dc5a286be5a9320bfc6a5b10395f10b8c2480186a2e3782358e9b1bd92558cb7b36a2556394b36bc47b444ee44407982f627322ffcee800a872a2a04a0592666fa1bf5b75f33bb51d918f97a5f49ad8896dc47e496d605ca4c05b105c39e96d45fdbd915f11d227d44d970e9b296e9ce5b24040e19da362ff099249342aabd6eb1dfc3cc3c21e9f10b7016d1aa32c0b30be801e0dae5e6bc52c89ba4a5a852c03d825af84138105af6c44dac065fce91988fa8bd322d0b9d348388759461b1200398f1cb3b7846aa23b19802e516c6f84c97973e6b866752a05ac980ee1a7585f5e2384469c5fbcb50cfd17b20136b73794ec96a72d2a601d52cc5d2611a86bfc9ef1e06252dc5cd2657d6679b6b63545232ad44b32cbae25b9041e22ea48b8de3b6064a9b78f971646c20078f0b07500a28005000a00264030a001400784c003fb3366cda998254842ee73b0c801c4939011ea25c8b232531d2ce6c3c8ee4b7fe9f29834d2f3669058adc22db82939f69d4f859e5f64872b9797c729ec5ae613716dd727c38c5a33485b402e104dac37ee114b2f6166207d0ce5338642c4117df7b6519d8ce9d52c4c9a031381bd96fe68db7fba511746ca49b8bdb4ff7df088947b03b5948752c1ad8915ac6f7600db31a70cfd421de8c08795945326a912a695dc710c633e19822d0ee96dac08d5dc3b5b242ca376b9035ed1d9e30ceb4417bcafec3a999326cd66976956185996c5f336b03bad9c66c5adec5d955557491f6a50c92e664b4c2c0d988c83f0361bc1de38e710e4429da4b0cafb587b624f7e995705d3e71e1adbd30b88efd5a8b322d2c58a74c04d8f03719f7c6c3b9490a56d94332a9550104a2a96b75545cdcf0caf18d97ed65a9ab8ef48ac581766c894b69430902d7b925b8df718b2f8f150a3d5761da19a89a5c9285afbb22011d86e7486c7d20e47afab9573d6eb9b7577e56d785bdb0b34d1282238aba72996a4598ab02805fe558fcd1af740cf65d03aa12f696ca5afa532aa53016cc0b86796771046571bfce0de2da6a5d442937425b2156afe69e4092c254c9cd3709285d96d71a0200191d3b20684d04e7335f5191ba15255859949041d4104820f71115ce9d1ee973d8f005000a00264030a00140036e601cd939a7d90d2695a6be1fc2087523e560c2000d9646f88db3d62e429a0e479be47566aaf6964aa90e674bb10c80f581d40b1b1bdf3cec3cf151d1faaa5157d04e33461bf1beff00345a77222054ccc22c05fd5e68a533d4b0835454ab2d2ec3acc41c3e4df776c18f888ab76096576da4815985ed9b17170400142df8ef3c62c5eac434b28f1964b5c9200b93dbd90f4b385aa44da2c5b0adad71aef1ae910e5deb5524885453ba3c9d8116256e2d6b6bd860c4775d2c792a5b682ebeb858aa926f96678fabfde1f23252953d8a1720d1cf6c8330c23551a9ef8a30cc587849bb42a5265954150065a6b7be9db134b2a3ed2244750a6cda60ab6d6f99237f9a2c429511dec40af92c87162c9bab9f6e83d1e8849aea09a88d45209b9b124f1fba2ba212bb91f6ec9700052c181040bebc01ecd4f9a0c8b8f8f4bea0750a55396c76517f273232dc0d80e1152efda5897a4151b12667331632777b01be50fea8efa887ac9b420db3a5850af766b86b8386c5482305b4b1dfa9b9e31a698f442a755c922b8dc611f2780dda5a261684c9b5840cc1bc31150f9f795d5eb3ab6a26a1055a67548d085016fdb7b5efdb149f71dae0ad71d14191e1645000a00264030a00140012e496cc4aaac932661211c9c5636242a96b03db6b775e1e14bb95f3a678b1d9d4df29a9048972e54a5381142ae77b01c49ccf7c5e7d2712cd77b30a9a45d896f35b7442916bbb0ccc375921c0c806b1cb711dd0b2c408e794526c831f1f498121d1a8f5dc7a6d0036f4de2564115c8b3a5389816e486191f26d6bde2bb5965a92a3ad4952405be64df8c5b45a9133581d58e04d058903e4a6a6e4f76fec8af2efd43a2e91fa92a7abac4fd246dc2dc055bb2f082d2b5d4a9cfbedebb76466e472eaea88bb0e476b1c6c9d8e1b0ce9a492464ba290742d6d72dda0bf1831306daa50c8cbed50d7c0d0688076811a1eaf176953aae7b20b026ec2dc06b7efeece0440714d908dd5645235b11bf8f61895e2461159d46652b2b2a20c2a412cfbc016b004ea4df5efe115fa357d23deca315fca1a5a76c1327cb96de4939f9ed723bcc4b7451d313225d6a81094149bf1de37f6e50af8c8da84bbae91575624b52eec1545ae7bc8034e2481e78951115045566da37552d5baad95f4cec6e33cb8f1b7640e8ac7a83328aca550cca0b10b726d898decab7cc9b6e8544a9e6b61f9952aac88c45e61210117c454623dd602f9c4a08adb8f9f76f95f855461165e9e658766368ca7dc76d89e0a5888b1e131ec0028009900c2800f1a01c95c9fab326ae44c1f366afa4d8fa0c08d572be5a756174371abe542ace49387acec801272c3312610da676642a477718d1ea1c62e1b325fe8f9c8fca0e504c95402a25e1e942a3b291a8c4a1fbb3245f740cd54b126262a4b91d272653edfe925499aabd5992d5f3398bb22b0f307bf9a1d1ec42f8f4764076c8e514c7da9554ad612e5a0c19677186e6fbef8bd11123eba16a6c454c4497ed0955728d2507e914dd7a42308d44b282ddf6707cc625b1552067da13e9b186cad85f0f7e99fa6188382d580fb0b6819f252615085af7519d88665b5ec2fa444af62c4b174de80ba2e57489d2a64d6f8b3209e915b32a412011975afa0b6f36ca12e8c596e5f344eabf10b935b68d653b4d0b83aeea05ee4016c24f6e60f0dda408f643ccac4e84b424726aa9a6d253cc7377794acc74bb1199cbb61d1f410642525651c7ad59b226b4b27aa26a5fe490d2c329b79d4d8f9e1bb0f152b2a58c37676d99f2183cb9ae187d2241ec20e4418cde0eca76cf8913a5594de5e762938c645a5e2cb712b7f4469761c3d6b354ad54cc2762622c711a3537be77c0b9dce7785ec2dd3dee859b684e292a6b0362b2d883c08536f54376151754d53e7998e4dd9892c6e493a927524ef8ca3e82a94437cadad3216994007a49a928df8156371da2c235ac707c57a8ce31cb13f108be5d4485ff150fb209430b715de76ea991298a31561399d48d4155b03fc515b21ea68724852577b15fd85b666d76d3a579ba2138547c95b231240e2cc2e7cdc2224777734f271131711ea68d5d32d5b4dc1254f9a7cdd128fb462eb6e39c8bc2630167c44b1d58927cf19a7689a50f7188f00f438800f7a410013a0185001e1100e36d71a6a331de34f4c00e687cb29b66d9b5834eadcfeab2b7a8b7844d376318d83c2cb910169dbd4f8e9e6cbbe782a258f44c5f42ac597d86263bd2746fc3fd03b9133ba4d9b246f513a5f76ac3ecac2636c2cf344a65bfe845da4a06d899fa7a3247794b8ff002e13eb89d3572efcae79ce8e2e83a406c0ce5391f9af2743de561f2760bc96bd6af1fdfce5ef654dc4aed7f9411c79d17ee8b0a634fa5c0bc91ca4ba79151397fc6723d04424458cadeadf818bedc4c35350bc2738fe227f9ee8cc7de76f89af1d0d239a67bd238f26711e2a862ee3ec399e79e617886b91a7f03943c9c4bf56638f644d16c33b37c51be4e27c454aff00d4540f1627db08bb5c79f8fb54fd0c3c69e68cf3b94d87d014a7f0443fa05ff2c46aaec3e7cde60afceb7fe862ff00f269f65217ea4b9fcf163e509b52d41e125fd4d0cdb0a98fe614f9f6d95b8c651f416da6ebca2fc7500ffaafb32a718d37ed383c7fade27bca2ccd22f95572ff00843b7bb0ec2e277b7dc29dcf1cceb528fa330f894fbbd114f2ff0089b1f2793e670573572b157a9f26539f401ed85c6de5ee78fee85ef94151866d63ef95b38f8cc69a47d858b4e73d8c9a13f3987203901ae404503aedaa6ffb3392d4d4f4e92ba09730d8198cea199d881739e83b0708bb4a1c6cb9534b2dae0eabe47ecf7376a555fd4664f429b445a09932f213bc8fff00e0db33fa899fdf3fdf0681fd7b23e332a062b1d59e8300e226010e1f48072edb517a6d872587fc19a01fe297f744cdaa231b1f473165f8cbdec9a813654b736eb09330ff00dc4e88fa88f345b4d8614abd395b87e202e6d460953e513f89ab1e9f8bf6188718d3e6fa9d24f890e76f75368ecc9877af46de6254fdbf4c2cbbd05c3d587328ef2e6596a06e2a924dbf51d91bd621f27609ca1ab98a5939213b1d34a6f2a9a5fa3103fcf644b0ec287304accdf9c83b05ad36b13c9aa27ebcb94deb26050cae1e8446325e5aa61afa91fa427c403ed8ce9779d972b6b622174e68267c5542f09aa7c54fdd16710c1e7de2a162e487e4ec3c9a89ebe13a67df16223333777fe0ef937ad5af0ab99fc4259f6c0bde793ff14e2612348ccee3bd5d86fdb33f2395fb05fb02359761c049e69803332d88bfd925fa9213ea8b1fce873958d6a2aafd8bfd92219b6106279b430aa55bba0e2ea3d22329771ddcde11b86dfceae847e926b784a61eb68d67de870d8fe14bfbfa45b6d6f51423f4eedf564ccfbc478fbc4c7f09ca1f3baf7a992bc24dfc5dbee8a997b8dee409ec9c7399f937a89cde4ca03eb30ff4c189bc6f942fec95035cb2a9b49da8c3fe9e4dfcc188f0987c62697bccbc14d71298f9368a2750fb4fa268768b4da5933994a33a0255b5bdb3f31d47618bdda716c9495d465ab0ef1108f41bf86af082c3f48c391ee4019926c06f24c573b37a28e4f4696c56629461f35858f84008e8db46ccc80f4e5a60e30a785f7927799b2eba41071282e01c8e415d723fbde116136318d92f4cd89cb0f21a763a14e225cc4f3ca70e9e86313636c3379aa532d88fb09706d2da52c7cf4e957cd661f6fd30278ae4d99ab0617fd0739c62165d34efeaab0e7d87e33d823cc93de51c2cee9f6a05395523152540034973fd0e1c44cfb0a586d5c94fd3fd0b9b79d7a4a7fd9cc5fa9305bd66171f60dce52b92e3bb3c61adac5e3d0bf8a15f721bb8af2f975e265fce3cac3b426fd208dfc0a3d91472379d57267b62287b99f7cea8764b3f6e25c433fe50f616ee4c0b7c257855cdf4e16f7a2ca98b95da75c9bca7d77f6907eb4992604ee3dc9db1187d4ad99870661e0488cc6dc7710f84a6e9b0daf4320f1a74fb0234d361c2e479b702cdfcc69fd965ff00e38386c27e1e7435cb36fc06abf64dec869b61060f9c4314d8ab7a99038ce4fb6b1989bcee32fc17367daa6fb4290709750dfe58f7a345b79c4c5c3dddcf768675d48384b9efe896bef186ef122e1eeefc4ce39d2997af3d92907da3ed8a597bce9b91a7bb87399d97954bfea2f8633ed112e214be50bec5086d7d92f5922a254a207495ec598e816528427b7341e31ecdb4a90cc904aacdf019ed5f279a96ba4489c432bcc9798f92ca5c023d9e78ac9b8d5f5b596167437bab00922da65174e5d08136990f18526b91fe04bc61281d663da0d8f229b3952105cdf4ce295dd095e6965dce49da74729dd5da42b4c3966013e3092bbb890cce8b5b03365f22a9a5d44d9f31433335d54fc94075b0d3cf16e25aef2597984cc9440bc9d974ca85654942036202d96226e61f476957d6266e3a9c53e9c16b9500b9c0fda195975ef8743d57295cd7be159925b59552030ec75697f6944798c6cf3ae177493ee0fcb1d1ed8a7bdbe3a9ba33da571a9ff2c41f5c469af973fa3b5c779792716cd99c50c973fe59f5187c9e1e9422e52f5cb5fd4334cdd3530b9169aa3fc4916f58893b4a6fa67fd7fc81f9a69d7a6553f36738fac81bd710e26c2f73c5f6f6fe8157187694cfa74ca7ea4d71efc58ee287a6d8bfbfb0ceb9d5976ad0de5495f41611472779d27217f77257346f69f3d78ca07c187df0d89bc8b9fa7b242ebb04da7570ff00a9047ef49947d862ca6f630723621dec2caaeb47e925378ca51eec09b983238fa6288c576a2da7ce1c26bfda319cfbcedb17c1536ce4dfe6fa7fece9f62341361c4e5f9b702cc3fd089fd9a57ae5c7bf544abe7435cba6b505576cb23c488f26d84583e6d0c7792e97aca61fa64f588cf8779d9e7f96735faacf68c9eca69a7eb3ca1ec8d3ef38a5f28c75345f68cafa34b33f8a64a1eec7bde78bc7dd18cb39c4997da33fb308f0448cec8de759c9bca2176e68a4da96637953becaafde62de26c3139f3fbc22873924bf830706f8a64d99df8e6cc23d1688a67d251c8dc0cdb1466a04c949271cdb80a5c582127e562fa3ae5c22b25d8747e916d96aca8aacf8dd54067b05c640cdac34bc5e2a1c9bf080739bfd1800912a4fc8cef6e3ba2ba6a1072bab1255ddae77580b93e61ac34d2a26a63c4466232cce954b21b86191e078764409ed750fb748ed1cbc0546b71a8d2fbfd312a2545763cda2f607ad6c1d6008dca41f3e40f8c4a9bcf14a06c81d06d4af95c474a3f75d26fbc61538d6573772f87570616fdfd84ce5a7c55551cf03f175450f739471eb6869b7a30bcb75c5345f7035ca4905a9aa906f9336c3b55b10f43c4f2ec28623d2646fea46e454f0d474e784b963fbb98ca7d040848b60fcc52b92ff00bfa01bcdcbe07aa95fd5d60cbb1ba44f64478dde5ce6fa9626fb81cdae2db4a9cf952272f8192c3db161b719517956289cefa7c753b7196c3c1afef454cb37be4f3e8620f356d6ad238c97f432185c7de58e7fe5cd0f6537e175a3b64b78cbb7bb16d771cdcbe021eec9cabaafb52437a1c7bb0cbb8f65f010c6b6fadaaaa07e9a67da319936f3b4c1f2e86cdc973fd1f4dfb05fb263421d871997e6dc0b33f324bfecf2bd72e3cfaa265f3a17e701ad4153faa3d2e83db1ecdb08f96f9b5327e45adebe9bf6a0f85cfb233e1de75bcc7cb39ad6bb44f6520fe29a7ee8d4ee38bfe54520df684dfa34d2c7d79934fbb1e779ebf0f75321e58ccc55d527f4ac3c2c3d919b36e3b1e5cb5c74349e6f1fa3d978f819aff5717fa62fe3782737cdb566877924825d2d3a904912658b81f4549f5c413354a591ae560974d79f717b01e988617f6a2d3411eaa5b6236bc5b19063ae38c286939e91e3cb0e11a29ae4108961bc9d49e315d2dda42f41c4a767656623aa3407db0ef0df50b7a8eca90a4615ea8ccf572ce1110f1984b7536be2f5c593d12cbe914e3033b81d9716f3c78879b4cef695d76c5239c84f9215bbc8753e9c303f8ca6ee3ebe5ce9f01279c496cd421f464e8667683d643e06d1ee46c21e50def35fc4b4a159801dd3545ffee4a23dc03cd136e533b6b7ebfdb8956e6f1cfc08a7ce96672f9fa9307a6f10e3ec3479bf99bfe079c9cea6d4da28342566783ab7a9e04f15c9333560c2c58f955d5aaa26e339d3ebca99ed511618cac5d513a94be782575699f833af8843ec8ad966cfc9e7d4fc0aff0036932d5f2fb5260fe127d915f1b79a5cf17dd0d22932da15238c8907c1a78f5468779cabf9651508b6d0a8eda7907c1a78813783f974322e552dab6a47e99fd663326de76bcbbcba1aef24cff47d3fec47bd1a10ec38fcdf36e0873fd0b2bf6127ed4b8f7ea8917ce84b9c6cb67d47eeff009891e4de109cb3cda998f2092fb429bf5c9f0473ec8a38fbce9f9a7947354a5cf68d47653491e2d3dbd91a3de724fe514eb650c55d56782c84f44c6f7e04de792f809c0c4f6bbe29f39b8cd987c5d8fb6331f71db6225614353a1532f61e5a9a5723bdf1dbed468a78272991af9896e4e904964924065161717cc0b0f54569afda52d17d42e4fd3cd49379f6e90dc9df9c18e95de792bd9b40fbb1bee89851a6278080719e9212c3859aa9318517be1bdf742f590ad461c940589075df12a6a0182c47017d2211cea9a6117c430e605f8df843a38843952d8b101ac80dfb493bbba22dc3946e71fe2cd2cfcef26a594f75c4c1df903e30d37631bbca35f562f89037ca9901e92a140cc24e1e0566afa33f3c5a7d6867e13d3213f1ff00e1d7252a3152523ebf1683b6f2dc29f4318f21d819c94c875067231704fac927e6d61f098b317d404450ef72d732d7144df73fb11a4f576b3fe968afe708bed48f3eb876d5cbbfef2d1cb4616a699c2a649f33361f78459632713d36752afceccabd2ca6f2670f4a3fdd1065ec35390bfbc149e6fe65b6853f6b30f1468ab8fbcdee6dab11cd500b6d06fa54a3f86630f7a347bce43d3eea79287f483f6d2afa2638f6c79de2bf95326e5aadabea7f6a4f8d8c674bbcecf967944355e479fe8ea7fd97ab145f87c2392cdf3ce096fccb27f6323edca83ea8917ce93b9cb6b6cf9ddac83fc45fba3cc8d81ca7cda99e7372b7da123b319ff0dfef8a58fbce8b9cf1f74734ed9a2f5b58782c85f0473ef468a6f39297cba1d6c36f8fae6e13917eac8967de8f13bc69b6c46133665ee78927c6329f71dda694369da32b0ece912fcaf8327999e55fd178d6ec3885d794ee5a85689616f6cc124f0f36e8acef562ad2c3c950265ec7703d9023d84a5488d878c3931c150da1efe02217703de847d2f088ae30de6ab88e87e6efcff91157b4624d3b6402dc02721e116a1d840e3c2aa533328ccafcaec83ab13693cab1ea48e9410c414b822c4822da6778744ea86c3cb896d818fca06dc72ff683c2dc1bca673874b8e8a75b32865cdbfd646f4087df09abca5eb92812d8b33a6a6944e78d2513fbf2cca3e9116135215a74e9643fe3fe7d207e6f9cfc07a33f2a5cd9b2fbbab8c7a44458fb0b7cdd7de6dc3ece077b3ce0daf58068e92a68f334bbfa09813c509b5e0c7faf0fee37b557a3dad447cb5992cf99a68f6881fc551f1b5e0cde9fe81de58674018fcc12a679e5ba13ea3161f699b89e3fa013ce8a5e858f09a87c491ef44391b0b9c9b46599a7242661aea63fa651e397b628c3bce9f99796735babcb68c8fa54d347d57927db1a3dc718be558ea665b413e952bfa26cbff543f709fca99472eff3854febfbab19b2ef3b2e53e510d3f9147fa3641fd1b0f4b8f645e87c1394e61e79c1c47f4348fd9538f17951ef0f086e1e6d893ce8e54133b6620fe2ff0068f32760fc9bcd945e6b92f5ebd92dcfa2ded8a989bcdde79e54d2762e7535c7f4b2d7c24a7de62f26f6397c9f0a218a199864d7ccfd34f3f51557dd83e3256f9e5894c4112f651bec3c728ca53b67d286edca0166a397c6a57fc39731fdd11aac709077b04fe0a19d3a452067717c881a467d1d9f50b7d3a4212e495976cb33961e1ba2c26912da81b36898677bfb21495251da3962cac58809aaee278e5df10baeab303b76847e189e5c3dd08ba4c333a7dc0382e46634b8234dfac23ba50150f28d86004b589b93c4f7708224aa039dd1d2c94bb20019ce66f9b13bcf1313245108ecc375d31e5f58588dfd910cd78b612a5586b6e554b0a15c1c647508075ef1fce704aeb4d42c4ac07dab23a4a79b2be7191314f790197d20c7b8db285b81e9323ff5e007e40d462a143bd1662ff76eb31478168b58db0b5cd92993c7f4ff0044be4b523ca9f5d2ccb709f0a5988d84e160ecc0d8dac6c0c10a6b73cce991e389bee7a089b4a595da5209b833685a5f9d43ff00a440fa661e1d582df75cf3968d6aaa19c3e6d55bfbce85fef849b7a0fcb7e78a64fb858f949271ecea85dfd14d1f571dbd5165f698f071a642f10372d8749b2e6371447f0646849bc22f6069cd325d8af86a641e13a59fe358cc4de75d969ec5cda36a2daba90f149ebe8967dd8d56dc7131f1f60e735796d1a7eda79c3c1a4183bc13ca3196f3842db427f6943fe1a467e46f3abe51e510d2b90b9ecd93fa8ff6de2ec3e09ccf30f3ac314b48f33655322292dd1c836d325696c75b5ac013e683826816cab94cc71cebb7e047b6727bd0b93b0979279b29fcd52fe1ac78497f5a457c4de6cf3ff2e689c9d179b5878d591f55252c5e539bc8da807562364d5bef63547eb4d980447d8e5be1e6d17f032fd83271d4c85e33907f12c67a6f3abcb7ac2c6d1b57ad5948bc04e7f4227bf1a8c7151784ce59aa41c40e46dbbb2212b701aa49c71be96b0217f9d2115c6623cd99d6be973a423b9ed07aabe4e11a9cc9b643bb8c0fa92a09b80bd0b7197f54452a39358ae6d1e5049e9a4cbb4d6bce172a0803239e23aea3d311355cb9142ea83fb7b94624aacb917670f6c399b826fac324b6423487e224f27d2ba9ba499364098cc2e115c7545c9b02d91241d07089a2668988e6e93a96b357d2202756d17d99c58796c855a547a90af462f9b2eb7d443a3a321e3dac355b4a8a118281f1809fdfba1fb712c54057e251b9b79185aa69bfa9a8371f4195d3dd530b8df09b1cddeea92fda81adbdca9c12a6a53dc3ca524330c9d2590b34cb37cd973198d73cc44aee51c6c2b3ab4856a6cf735142f35cb99554f20b9d5d5f03213c4e1619c57e3d86ac489c229913e94f4ffb25f38630d2ca99bd26ca6f38564f761f23615f9478cc9f6f0e25da726391357ca2e3eb8bfbd13a6d3236caa5589e97635cefa31e841f742fd5179346718ed2bd9d0f0753e044662ee3b697c26371dbc3f0aa23c66cc5fad25cfb2355f7a1c263fcf14aa7b5b258d6534c0a4aacb9cac772dc4ab5ceeb95b7ff00503a6b2289d7d5d90557b0a8de699b3654b698d6cdf326c001d5636d06e1ba0a20e9919089540572c36fbd0cb512a9861270ab9b096a73387029b93af923be1657aa1630713d69f5b94ce5157543d353d58ab9df18595d03e008eb73d554b00323ae7a67159ddf8a58d9c4862499e2640e72e27cd6d954cd385a63b217cac6f85f32371391b76c3cde114f96227aebd019cd12fe1334f093eb7584c4de5be7cdec90bef259aeb3db8d5ce3f55edeefa22e29cf64f0d68a572be661d837f2e5dffbc9b7f7a217f08d08785b98148e42cbc5b42987e92ff5413ec8a916f37b99b5711cd666b135e0f914de979a3d92e2f4a7229e5c253aacaddacc4769d3ee8cfead750704b1decccfe37319d88dd6868756a15fe13ddb6a02ab006e082374197a750444f2b89311c895d22c26b4b10f7013a01c22b9314fe4e62a3e965ce02a260207cb1602da0b8cc5fcf9c41a0bf2ebd859760ec894192a26a30986ee88730a2f6049ded9dfcf0c9442a4cecda54b5d64eb2822de7fe7845895f41551481390290596f889eb70bf67b6217fbc4c77f04966e32cf5235209beb0e88826a3bda79ca6c3b9495ef02e3d51611f59e2154e5fbcd5792f29f00992d8a14eab19b2d4cc4c6c3e5210ac30e999bdf289252fe0519595ff007c0114d304ca4953186726b4ab8fd1d51b907b2d394fee884dc85d91382e4322fd29fdbfe063694a12f65c899acc915804c6d4b34b2c849bf62adbb00847d84b8dab2dd3e340d72fe4e2a19c06eeb0fdc9a09f44c8966d853e56f4cb5fdfd058b937371c80de52cb6fad2d7da0c4d16d33f274cbfaf1fee04d812f16cf697c1674bfaaf35605d84b2e9c8563139685875558f70bfaa3268770d32d0dcb6c57532990d3ea12534b61302961724a3ad88cd80ebdf4dd1a5a3bce1e28a57bd100fcb3e54f4424caa775c53ec7a51638118d832eeb9cec775a16696bb4b583cbef7797b463973c8e93f0579b29089b2bac5892cd3147cac64dcb1b677ecb6904d0e81b977307e1351f680761d53d66cfaaa6725de4aacc944e66c2e70dce795881d8dd910a6b4a9a190898b9492a9d735b4f2a74c759ab8da5da64a5637417c99821c89c93320dbb23dc7139cb3aadd43dcefb7e0d27b67fb8f12e5ed29f20f1411cce2fc7cf3fa341e2ff00ed10e27f12ef3eda85b792ef6a377fd2543ff8b34c5b4d86264798507ed1d8d3676c9914f2ad8fa39370c708ea80c7b8f642b2da2a9631f2122cb695811c8ae46d553d5a4d9ca81155b3570d995206433dfe888618591f517b98f338a5c7a216b9588d6553200582c84b13a801dd80e06cf71db687c8ee327ea9491b4a6cec4aaab752c067a771b464bdd9c74a0641e896d93127b96f166fd2d056dc2af97d4eb2e23bbb2da5a2795740a87166c3d67009d42ee1c2e60a68021f472fca68afa494e0f27e515556ce6006d63f271664d8644f7c0f0a6d0eb3850ca0a9672d622c38e5ddc7b21d92a8457254f00ea34d3fdb8c3fe6114ae6d6aa2d356475aedb8e433d731b80bc5195def52da2e8b8412984a01259ea8b8f39efb9d62c74aa437b0c1af449cb290374845d9709b30cee315b0dfcf0bb1f48f4d360772c6943ecd0e7334ecac771225b607196975c4234df61360bd723f30b696c19866bf40a0c8aa5978ec4012da59043db78282d96770bbb30b43d5c85aeade9c7f7ff00b18e59ec792943581092cedd335c9d5596f61a0005865e78264f4a12f2e9db8e5476fc095328cd550904aa74b2800cda5e64b976efeb802d0f4b290f57a191e9fb38ff00926f24e8e649a74953459d64a822f71d4675c8ef16b186896ba4833255966e2ebf690f932b845427935537f8983fbf0286571dac44e5fbd4252b4ca799d1e0cdc2af58adc5c87bf56c33d38e62126d9a0b3cb28f35253395e866ece37506a92a0052339b343e79eacf962faa22a6f43a06bc197f706794dc9e9d4d2a9da65fae8430bfe2d812c13b0d8f886e10b2c2c83e2674590eeaa69fb236fc99f45d33ba8025913ae40c240b35c1e3bb8e211751ee87359188f16400f9b0d87324c9993dd70b4d0022b5c7556e6edbc0627c01e22131d2a5be6d96b2ba220f6c5e4a5152a24f76e9cb140afacbbb9017020272248b162d0e90a26a21c9e61913fb23ce7569e64d954e92d19d8cd3928b93d4ecef84c84b0fc91d2277673de6e793f3a904e9950150b85b2dc5d42e22711d06a379d20c786bb86e6d9c93b2ac47749cb2d9f4e569d1dca2dfe340c4972c49bb0cce64e605bb61fac8ba489b95e44bed49eb325fc2a4d424de952706957c78d518d9d706e961b03291bce0bc3e8b15b8a37499194b1448500672665629d56dc67dbcc92e4a7ac18ab31a1371aa2842bc80ca3110035faa75ec37ddf7467ca2443736a97317b93ec8495d0f510669e8c4c756762e11895eb6848233e3913c60c7b36e19f48467e82c0642c7ba2edcae0af8549e03c622eac44b463dd992d9e689d294a95055d5b25606dbed6c42d9188a14b3dd4256aad583bf0a42e401882eadf3548dd7de7ba2dbba95f8290763cc9ae8d3a761b92c114681433007b4b0cef15e246f158965aec51a9d32ef88cb52730b7b5ec7e5589d37423b8ea87122a49754b61074075cb3f3c08f67a853487e54916b6ebc6852c55b81aba6c912a7a544c5972dd8ae22c17298a0d8139039987ba549915ecad182396133a2d9ef2e98b4b1293a851882bd194b8bef055af04ba53496b096f91c1a526c9a9966489f3c0329e5867c42ea43cb4cbe95d96d6e24417d3622647eaf4d3edff207da3ca9c4f2182e1a47c52d83ad9a4ce46184bf936216dd973c217aa5c8b0bd28ff001f0f9ff1e05c9def310f9529bd6847acc4e64f695cd8e30d4d72f19c8ff5e54bf6a1854dec59c8e3ec91827574e264b796df25d4a9ee6047b619caf0bd5ec645c82ad4a4ad759e510616965dac02b29f28fc906c476dc467c3a1cebb9a236462f06435caba549c8526287461986170778c8c686e39147789ac8507943328766cd554a20f34a870598955cc816c78ac723a0dfac577a446f6226467aeb72d1c9adb2d574bd3320424b8b0371d5b8199d62547ba199978fd0c8a8324492db2e8ac321f0676e0151a5b3124e40002f784e1b07bfbd38e4ee5609f34d3d0996f37093d24c244acac6c2d9b9f016be660eb5b428e9cbde25eacfb40bc90e5455ceac34d5385810e19700180a02776445c5ac6fbbceb0caecf472ee760e3c58fd5887abf91722754d44bbb4a760b3a532db0d9baaea53438660be56fc608f5f1d598861e672c7123153dabc9aada16e9002c8ac1fa496495ba1b82eb911a5f316ed8acf0ba1ad16763e5250d8e8aa04d972e6016e914301a1188039f8c6821c94a957a82b924ff00165cb61c53e7be80dc19b32dae990114327b4b991c3554e7685189ec024e65eb5cef2467978c65cdadc747a8b67ec79aa4ddaea2fd63ab0822c770799024658422cc172dc7c348b14ab916e0aaaab2837b9b58da2c15c6be0e9fc910681ac4c130283a016be9d9a651610888332ad1c585ecdb86b113ba30f4a8d4a57e86c9d45008eb0b679c26ba546d1607252cf7c2d31574eaadf4395af716bc5778656dc4d74ed242ecf61312e5108058aea0d88c206630e77d35b4098faf509d6d019953268b97c16fa37bfa7b22f6a2be92a5ce15374b495000bf555c77cb7cfd0c20dc8c6972c7a64a1228a6ca6a546a8b60992d71a9b92d8a5e16000cce6973dc62ca6d23951d321e9f6ff920edc56757940a0a6c7f0512c28b4a6c0ad2a62902e0e3205af6b15b5ac6f0b92e3f0d77efdffec5c9a912aa65d424ccccc756652342d2d14b0bfe9109bc0b471f2d9f1dd197f7f3ff00a2c5b0b12ca948eb66945e51edc21b091d85403e7896233b2f8ddd997b8192061da1520fce9325bcead394fa961bbc76f2ea1866005c90071390f39872aa23b15a6a0a6a5973eb111674ceb4c69848258df3c245d53cc37445444d65feacb2b2c2fa421ca09c50492a48bd4ca06d95d59ac41ec371943b10c09a9caaf2ef92f5157552da505c225599dcd80389b2b6649b1be42219a1776353967308b162e37086c5534882824619f50b8a6396ba4b961883d7b5dafc146677d843a69d0a57c9e3d76f586d2804da3cb2aba69e65564892c9975501cd49c8a1624369a11a8dd10bcce8f562f43cb21c88bab1395edbc3e075c275391d1b5a74920754ab8cd6dc2e585b811113e87ba9a189ef18fd29474d755d0549aa60afd375b1dbe2e6ab75baac3e49d32d45b7883544f613a58f970f4be12fbf0e9b5229aa29e9dd5d5981e98604e8d97ae0b0cd81380a9519b28cb58b7766d473dd2582f13302b9c9e515453bc99725fa3c485988504937b64585c0c8fb623c97742f727c18a7b331239b4af9b329e7cd9d31e611335724d82a026d7d3cd1ee3bbd48b9b42892a220639294ead472431ebf42ac73d31f589efb9315723795a67f6cc3c24a898ac0db0918b3d476f6deda708ce7d2e7bd83951b6b1567c16d86f27a4077917d2dfce9162ce274b45c6889784866bb6609b69faa3b32309a3b87d671226b61092db1dad62c7362068d6e3bfba22eb76a83a7c4717acff975f11f7c2755c6ac45aeaec0801acc77df77aa379ccf405ec1a5613669249962d80102f722ec6f6edf5c52c48b5b92ccfa432090f86e2c4766462e95c1bb56636699063bef90cf5b6fee88722fb549a22049e94cd19829618989eb5f2d178136ce29223dcb0f4a062a926e2ba95b1e37f545e7472a6921ed8a35327a31a4c4989de5d09b9ed387d30e89a09207d7629dc95da40d3ecd2464b52f28df71647c3eb03cf0b16c43633a0f6d2f0fb9c38ff6086dc9255f6848000c7256a657eb4a014f81497e312baf695f1db44527d9c69c7f5ff939d87b1e634e98e1da42ab380c00b4c49cab36c2fbe5cc26c6c46a38d8443c9f212b5ddfbf4137636d09cd5b552a63e25973a599632eaab8616161a7586b023eb722c885171d1d7e91eac6c3b493e9d2bff04c967d4f12f710270f75331e73ddbe1cea59b0e042149ba8ba8bd81c866228e4ef3a7e4a8beae597936b8b614e51ba5cf1f68fb62c43e1195cc38d3987a42fb7f6a2b7414ea8665439973565e2c013059c34c6b1c2a08d00b9b5a1d9fb4ab142fae5ec25d0a56ad40339a54c92cb6b4a057a3606e090e4960df26f7e19436ab1037abba6928bc87daa5769cd137e54e2ea6fb9831603f848f08a90b7b537b98635f096bda18e76a84348973c7ca96f849fa2fbbccc01f3989b2d7494b91cd596846afe4b4ea8a1a096ab69a8a6ecd90446b9b31d77ad94027584e9591495398241912b077ff4e343b3e6e299d399528ba09a0196a5012b853502fc493dda44d4a219cf91eb191a7404b6c54b814d85886993e52b5b78388b0ee205bba1d8af1a2d9cceb9d99b7ac45f264afa59cc53cbde749c8d3d9073922fd1ec59f33e8cf6f052a3d51345e119fcc75e6a967925911254b40c422a9cec400a071ec8cccb77ead54a9e85dcc4b9ad84101571657df878d89ec84747a080cdb158b2819ee2eaa30e303345622e09031006c3b2e3742fb52544b6905ece9e9348694f939b59fe51b0cf0f1cadae915e84cfa43bb3a8f133860caa00c26f6bb1be2cb52748b10a58aeee1af824bf20f81fbe2c7aba95eec47933de61c802067888b8ee1c72dfa0cb8da2dddd83429d9aa6bba0384daf7c37507419e84efb423bbdeaa79407516d29bd38953d1b191d47b583db5c81b03bf2e310a4b2deb292bc495b29ceddaae86f331b11f3ef6b5bb2d9c7b33d4f614b69237262bd2a4cd749a4052aa32b7cd06fe24f8184892da8264a96ce9345b822d99eeeced8d0b95089b4f6826354de181f022e3c311f342f592f5248e3f9ac50b636cc6791b42953f1b22aba595faca7abe252de7844ef43732a5a3c32b7727ce59a5097b465a4e7132494216f6c2d761866cb3719a13d53dd71a459dc65bdb15e8babf7f30f1dba1ea8d360b2a2cb988d7d41216d86d95b11f08f2faea79eaf58babfa0168db0ed39a0fcea696fe74641ec311278a5c9385f057f385f6e8b575235b51393c515bff1c4edb8a11780e66dcebcab56ab795257d0587dd14b2f79d37207f772d5cd3bde8d879339878843ed8b189b0c9e7de60ab6c9daa576cbcc9b9629b325927762baa770c9479e2ba3fb53426c7b72faa9ac93fcfae340e50cf76df237e16cb5749304be9409967b8cf50ea56e549b06b5bb77c577c7b6b537b1b99f497a528646cf76120d7cf59ebd2289692d3a8ced70ad31bfe25ac4ee5de6f0f4f8ca8f325dfa0b506f391ca2a8a7692922660c68ccc4282da802c4836ca23c8765da59e4d8314f77946767d64c9bb12a1a6bb3bbf48b898dce6c8a0775ce91eab5a20c8891339554b3edd5f8fa151ff324fd49338c4afda67c3b65332e73665f684cfa292c7f083ed8a593bce979327ba96ed9d242ec4969fd6d96dc7a59f6f5318b49e098f93e7d8b734f03195c88601bd39f6e561e68a4fbca44513c67717eee20efb6708047a8da120969530020ae78ac54e991062277d44a88e4c97b450284186d601428dd6d044b64a11518815757324033002f2ef760a3acba6a378e246915d34b92a6a22ffee1c8e2bf587faa2cd9c3d5cb6d731952af8c0c3c34c2371e062d6d42a26b705f2736a4a9c266198ac4375c020db78848bef0f2a548876f4a3582433cb065a631318800b36416e7b35ef10aef6725e8b52c577973b76967d34c952e6869b894614b9b10c09eb0184802fa1b1847726c689ec55f62caa9942f2a73ae971f294f7827be22b969d118346b6b84e97344e5b27fc3c2423e59e2cee77dad6b656ed747a11745022db6663d4cb2642857b06c4d89919aeb74b0000009d73cf7425ecd63ce8d509d4333a3dad53b84e932e70fdd297f5b45e4e1594926e37c14fbbc78f0fee4d995935768146762af4a5b01396394f990371217744ddc41c214e38b7fa6e3358a5368ca3e552cd5feedd987a0088dfc61a3e37c36fce2af9457694b3b9a9e72dfb99c8f5881bc53c8f5623fe3c02fcacfc651bf0a95f0992e62fbc3c22662a62f1f47075283cefcbf8da76e32dc78303ef453cb37be4f6c7097342ff113d784d07c52dec87c4da56f942bed50e396dc8679f34cfa62989bf188c6d888f9ca74b9033061e6c7b6a41797734e92f4a523d4575553cb44da53f0ca6b8c328639f340b5d5a60eaaae60137c445c5f3bc26b4de371871f21fdd50b6ec6db72eaa9de64a565552c803002d8546814900662d1611ec866cd8ef04ca8c0aa3fc8f658fa74fe8964c2f6a9271f1a52b1cef37c7c81c251f4b98ad97fc4d7e43e1304b6327f4228f2e681f5aa147b2258fc22a6679f2d7b533ada35e027bf82a27bd1336f3322f0a5325e5fccc5b42a4f07b7d5551ec8a3371d6759cb16b888690b26d47b3a571994ff00c20cd3f662df621cdf17f4e44adc02336966152d7003d8e1373a6872d328a4e448452ec96b917bdfd7c6000472b5e9c2a3b1093d59402ba90c45e5b71520939fc9b03deadb49b1ee74db465cacef80017eb66be234bc423d0e363edc15731e54b9a12c99b27ca17cbab7b807b4e9051c474a0c7fed5d27973bf83fd112fa5c3d6027cebfe6d3faebed8b2e57c6de66bcd8fe51e63f65e2293f896a623368ff00aded883b8b7da597677c91e6853de01ed9bab79a1d485c7aa748184420d2fe347ebafda109c370fc42755f9c97ff00e737ade343eb865f23c7f3ff00a0a6d4fce723f6353f69a1df790c5e51ff00141ddaff0095d2f74ffb31eb6f5131fcbcbfa1eed2fcb693feefa84336f087cb4bfa123955f8ba6fed14ff006843b6d2a62ee7295cf06b4bdd33ff001c56cb377e4f7f071fe66fe4d4feba7bd0626d139f6f427d17e634feca3d716536193279905f3c7ffeb7eb4df54b8ad966b720dee4be6c7f209bfb57fb0b0d8db0879cf9b426517e47b2bf694ffe53449daa54e3e34a55b9dbfca64fec3df68ad97bcd7e43e1386364fe67a6fed12bff0096b13278451c9f3ae596b7f38d37ec2a3ed488b1dc67c5e5dcc8796bf97557ed5a3326de75bcbfca29aa57e9b37f68bffc69b1a0fb14e5d37ca147f903b87b22939100f6b7ca97dcdeb1084aa671ca9fcb27feb7ba910b97a2d844dadf9148fd7fbe24400df371f950fd43eb10310cdb0d8e18cf3fffd9', 'CANCHITA', 25.00);
